status_id,status_message,link_name,status_type,status_link,status_published,num_likes,num_comments,num_shares
674963205875675_1039091112796214,"O nosso CEO, David V√©lez, bateu um papo com o Gizmodo Brasil sobre o nosso atendimento, tecnologia MDES e muito mais. A entrevista j√° est√° no ar, corre pra ler!",Entrevista: o CEO do Nubank conta o segredo do cart√£o de cr√©dito sem anuidade - Gizmodo Brasil,link,http://goo.gl/dV7hdH,2016-03-10 12:46:43,2396,286,206
674963205875675_1037819826256676,"Nesse Dia Internacional da Mulher, n√£o vamos dar parab√©ns nem mandar flores. Vamos come√ßar uma conversa maior. A co-fundadora do Nubank, Cris Junqueira, dedicou um pouco do seu tempo para conversar com a InfoMoney sobre as oportunidades para as mulheres no mercado. N√≥s acreditamos que est√° na hora de mudar, e voc√™? #n√£oqueroflores",Quando a flor insulta: a luta di√°ria das mulheres que trabalham com dinheiro,link,http://www.infomoney.com.br/carreira/emprego/noticia/4699526/quando-flor-insulta-luta-diaria-das-mulheres-que-trabalham-com,2016-03-08 10:30:43,1264,70,77
674963205875675_1037392286299430,Nossa p√°gina na App Store ficou muuuuito mais bonita agora que temos uma nova interface. Corre l√° pra ver! üíú,Timeline Photos,photo,https://www.facebook.com/nubankbrasil/photos/a.778850822153579.1073741831.674963205875675/1037392286299430/?type=3,2016-03-07 13:30:22,2563,210,40
674963205875675_1035396359832356,"Quer saber qual √© o melhor momento de fazer aquela compra? Abra seu app, v√° at√© a sua fatura atual e veja o dia de fechamento dela. Pronto! Fechou a fatura, j√° pode ir √†s compras!",Timeline Photos,photo,https://www.facebook.com/nubankbrasil/photos/a.778850822153579.1073741831.674963205875675/1035396359832356/?type=3,2016-03-04 11:05:00,1100,129,20
674963205875675_1034340663271259,Voc√™ sabia que o #roxinho j√° passou por 148 pa√≠ses? Pra quais deles voc√™ j√° levou o seu? ‚úà,Timeline Photos,photo,https://www.facebook.com/nubankbrasil/photos/a.778850822153579.1073741831.674963205875675/1034340663271259/?type=3,2016-03-02 09:42:30,3634,637,65
674963205875675_1031530306885628,Fa√ßa! Porque eles disseram que voc√™ n√£o conseguiria. üí™ #sounu,Timeline Photos,photo,https://www.facebook.com/nubankbrasil/photos/a.778850822153579.1073741831.674963205875675/1031530306885628/?type=3,2016-02-26 14:55:20,4209,370,134
674963205875675_1030161807022478,A vida √© muito mais simples sem papel. üçÉ #sounu,Timeline Photos,photo,https://www.facebook.com/nubankbrasil/photos/a.778850822153579.1073741831.674963205875675/1030161807022478/?type=3,2016-02-24 14:31:35,5229,345,138
674963205875675_1029084237130235,Quem diria que em apenas 3 telas voc√™ teria acesso a toda a sua vida financeira?  #sounu,App Nubank,video,https://www.facebook.com/nubankbrasil/videos/1029084237130235/,2016-02-22 17:01:27,1905,252,79
674963205875675_1026534374051888,"Em quantas l√≠nguas voc√™ consegue dizer: ""O meu cart√£o de cr√©dito internacional n√£o me cobra anuidade.""? #sounu",Timeline Photos,photo,https://www.facebook.com/nubankbrasil/photos/a.778850822153579.1073741831.674963205875675/1026534374051888/?type=3,2016-02-18 10:00:19,3488,457,137
674963205875675_1025357487502910,Se solta e vem correndo! ;) https://goo.gl/aJZG6o,Timeline Photos,photo,https://www.facebook.com/nubankbrasil/photos/a.778850822153579.1073741831.674963205875675/1025357487502910/?type=3,2016-02-16 09:37:22,10545,1683,759
674963205875675_1024833410888651,Permita-se fazer coisas que voc√™ nunca fez em lugares que voc√™ nunca foi. üö≤üíú #sounu,Timeline Photos,photo,https://www.facebook.com/nubankbrasil/photos/a.778850822153579.1073741831.674963205875675/1024833410888651/?type=3,2016-02-15 12:30:00,2935,176,64
674963205875675_1023264211045571,Esse novo ano n√£o para de nos surpreender! A Revista Pequenas Empresas & Grandes Neg√≥cios separou 10 talentos que v√£o brilhar no ano de 2016.,4 reportagens imperd√≠veis em fevereiro,link,http://goo.gl/mLVxMC,2016-02-12 15:07:20,781,103,24
674963205875675_1021475234557802,Aproveitando o √∫ltimo dia de Carnaval para recuperar as energias. T√° tranquilo. T√° favor√°vel. ‚òÄÔ∏è,Timeline Photos,photo,https://www.facebook.com/nubankbrasil/photos/a.778850822153579.1073741831.674963205875675/1021475234557802/?type=3,2016-02-09 07:51:46,5870,407,84
674963205875675_1019433924761933,Al√¥ Nus! O carnaval vem a√≠ e chegou a hora de come√ßar a folia. Venha atr√°s do nosso bloco e compartilhe a alegria de ser Nu!  #sounu,Carnaval Nubank 2016 - G.R.E.S Amontoados do Nu,video,https://www.facebook.com/nubankbrasil/videos/1019433924761933/,2016-02-05 08:27:32,2843,427,471
674963205875675_1019024668136192,"Hoje √© anivers√°rio do nosso amigo digital, Facebook. Esperamos um dia ser como voc√™s e ouvir a frase ‚ÄúComo viv√≠amos sem o Nubank?‚Äù  #HappyBdayFacebook",Timeline Photos,photo,https://www.facebook.com/nubankbrasil/photos/a.778850822153579.1073741831.674963205875675/1019024668136192/?type=3,2016-02-04 11:57:51,2957,169,23
674963205875675_1018012991570693,Resolvemos entrar na brincadeira! J√° descobriu qual categoria mais combina com voc√™? Conta pra gente! üòú,giphy.com,link,http://giphy.com/gifs/l0NwxcROBimsq0LaU,2016-02-02 12:01:49,1200,475,47
674963205875675_1017467381625254,"N√£o tem coisa melhor do que ter o controle da sua pr√≥pria vida, n√©? Pensando nisso, criamos um canal de D√∫vidas Frequentes no app. Assim, voc√™ pode resolver a maioria dos seus problemas sozinho. Mas se precisar √© s√≥ chamar! üòâ",Timeline Photos,photo,https://www.facebook.com/nubankbrasil/photos/a.778850822153579.1073741831.674963205875675/1017467381625254/?type=3,2016-02-01 12:40:01,1465,204,39
674963205875675_1015360998502559,"√â como o William Waack disse, ""... para escapar desse tipo de juro alto os brasileiros est√£o recorrendo √† empresas de tecnologia que oferecem servi√ßos financeiros principalmente pela internet."" Perdeu a mat√©ria sobre o #Nu no Jornal da Globo ontem? N√£o tem problema, o v√≠deo t√° aqui!",Empresas que oferecem servi√ßos banc√°rios na internet s√£o cada vez mais populares - Jornal da...,video,http://g1.globo.com/jornal-da-globo/videos/t/edicoes/v/empresas-que-oferece-servicos-bancario-na-internet-sao-cada-vez-mais-populares/4768420/,2016-01-28 11:30:00,5448,679,629
674963205875675_1014892731882719,"Quer saber onde nos encontrar? Esses s√£o os nossos canais oficiais:

üê¶ Twitter: https://twitter.com/nubankbrasil
üì∑ Insta: https://instagram.com/nubankbrasil/
‚úâ E-mail: todomundo@nubank.com.br
‚úâ E-mail: meajuda@nubank.com.br
üí¨ Chat pelo app.

Se precisar √© s√≥ chamar!",Timeline Photos,photo,https://www.facebook.com/nubankbrasil/photos/a.778850822153579.1073741831.674963205875675/1014892731882719/?type=3,2016-01-27 12:38:53,1934,199,46
674963205875675_1012363028802356,"Vamos confessar uma coisa: sempre quisemos ter um perfil no #Orkut, mas como ele n√£o existe mais (R.I.P), resolvemos experimentar e, criamos um perfil nosso! O que acharam? #HappyBdayOrkut",Timeline Photos,photo,https://www.facebook.com/nubankbrasil/photos/a.778850822153579.1073741831.674963205875675/1012363028802356/?type=3,2016-01-24 08:00:00,4281,318,35
674963205875675_1012331962138796,"Voc√™ sabia que com o nosso app voc√™ consegue bloquear e desbloquear o seu #roxinho  na hora que voc√™ quiser? N√£o? Ent√£o vem com a gente. Separamos alguns exemplos pra voc√™:

Perdeu o cart√£o? Bloqueia.
Achou o cart√£o? Desbloqueia.
N√£o reconhece uma compra? Bloqueia.
Era a pizza de ontem? Desbloqueia.
T√° precisando economizar? Bloqueia.
Recebeu um extra? Desbloqueia.
Furtaram o cart√£o? Bloqueia.
Era zueira dos amigos? Desbloqueia.",Timeline Photos,photo,https://www.facebook.com/nubankbrasil/photos/a.778850822153579.1073741831.674963205875675/1012331962138796/?type=3,2016-01-22 12:03:00,3446,342,92
674963205875675_1011219885583337,O Dinheirama.com nomeou os Destaques do ano de 2015; e n√£o √© que marcamos presen√ßa na categoria Fintech? Valeu!,Destaques do ano: Empresas Fintech | Dinheirama,link,http://goo.gl/94Vt3v,2016-01-20 08:49:50,964,82,20
674963205875675_1010840078954651,"Se voc√™ √© do tipo de pessoa que troca de celular o tempo todo, pode fazer isso tranquilamente. Nosso app j√° faz parte das 3 maiores plataformas para smartphones do Brasil!",Timeline Photos,photo,https://www.facebook.com/nubankbrasil/photos/a.778850822153579.1073741831.674963205875675/1010840078954651/?type=3,2016-01-19 12:18:37,2327,191,48
674963205875675_1010315552340437,"Quer assistir ao bate-papo do nosso CEO David V√©lez com o programa Conta Corrente do Globo News? Ele contou, com todo o seu sotaque, um pouco da trajet√≥ria do Nubank. D√° uma olhada!",Conhe√ßa a trajet√≥ria empreendedora da empresa de tecnologia Nubank - GloboNews ‚Äì Conta Corrente...,video,http://goo.gl/cC88QQ,2016-01-18 11:59:13,2865,297,297
674963205875675_1008760585829267,Essa vai para quem sempre quis saber qual a idade m√©dia das pessoas que trabalham por aqui. Aproveitamos para comparar com a de algumas grandes empresas. O que acham?,Timeline Photos,photo,https://www.facebook.com/nubankbrasil/photos/a.778850822153579.1073741831.674963205875675/1008760585829267/?type=3,2016-01-15 11:38:39,3533,397,101
674963205875675_1007266629311996,"ATEN√á√ÉO: Temos um assunto bem importante para falar com voc√™s: o envio de fotos e documentos por e-mail. 

Algumas pessoas de m√°-f√© entram em contato por e-mail pedindo informa√ß√µes, documentos e at√© n√∫mero e senha do cart√£o. Caso isso aconte√ßa, n√£o acredite, por mais verdadeira que essa mensagem possa parecer. 

Nosso envio de fotos e documentos √© sempre feito por app para garantir a seguran√ßa dos dados de cada um. Nunca pediremos por e-mail para que voc√™s nos enviem esses arquivos. Portanto, se isso acontecer, desconfie! Podem nos chamar por chat, telefone, e-mail ou redes sociais para confirmar se esse contato foi realmente nosso.",Timeline Photos,photo,https://www.facebook.com/nubankbrasil/photos/a.778850822153579.1073741831.674963205875675/1007266629311996/?type=3,2016-01-12 12:30:00,3168,205,213
674963205875675_1006656329373026,"Queremos compartilhar com voc√™s que somos uma das primeiras empresas do Brasil que j√° tem um card para a vers√£o Android do Google Now! Com o #GoogleNow voc√™ pode se organizar por meio de cards, que aparecem ao longo do dia com v√°rias informa√ß√µes diferentes. 

O nosso primeiro card vai mostrar o fechamento da fatura. Ent√£o, se a ferramenta achar que voc√™ gostaria de visualiz√°-lo, ele aparecer√° a cada m√™s. E os apaixonados podem ficar tranquilos: j√° estamos trabalhando em novos cards para essa brincadeira ficar ainda mais legal.",Timeline Photos,photo,https://www.facebook.com/nubankbrasil/photos/a.778850822153579.1073741831.674963205875675/1006656329373026/?type=3,2016-01-11 12:00:01,2660,306,68
674963205875675_1004551372916855,"Em 2014, fomos o primeiro investimento do Sequoia Capital no Brasil. Hoje, anunciamos a primeira contribui√ß√£o do Founders Fund na Am√©rica do Sul. Como o tempo voa!",Nubank ganha mais de R$ 200 milh√µes em mais um aporte | EXAME.com,link,http://goo.gl/1pvfOD,2016-01-07 12:43:07,6602,745,408
674963205875675_1003600926345233,Quem conhece algum Jorge da vida? #vemsernu,Timeline Photos,photo,https://www.facebook.com/nubankbrasil/photos/a.778850822153579.1073741831.674963205875675/1003600926345233/?type=3,2016-01-05 12:10:46,8249,1228,636
674963205875675_1000583416646984,"5, 4, 3, 2, 1. Feliz Ano Novo!

Falta pouco para 2016 e, junto com ele, se renovam as esperan√ßas, ideias e sonhos. Mas, tamb√©m n√£o podemos esquecer dos acontecimentos desse ano que passou. Te convidamos para relembrar o ano que est√° terminando e descobrir por que 2015 foi do !@&4#%* para n√≥s!",media.giphy.com,link,https://media.giphy.com/media/d2Z4DweRIkdjxqgM/giphy.gif,2015-12-30 12:31:20,6011,709,313
674963205875675_1000031866702139,"Miss√£o dada √© miss√£o cumprida! Nosso app para Windows Phone acabou de sair do forno. Corram pra Windows Store e fa√ßam o download j√°! S√≥ cuidado que ainda est√° quente.  https://goo.gl/vIqRIZ

Obs.: Pessoal do Windows 10, aguentem s√≥ mais um poquinho! O download do app est√° sendo liberado aos poucos como √© de costume com o processo de release da Windows Store. ;)",Timeline Photos,photo,https://www.facebook.com/nubankbrasil/photos/a.778850822153579.1073741831.674963205875675/1000031866702139/?type=3,2015-12-29 09:13:09,3614,797,230
674963205875675_999609396744386,Soon...,,video,https://www.facebook.com/nubankbrasil/videos/999609396744386/,2015-12-28 13:35:19,1992,426,43
674963205875675_996443597060966,"O que falar desse ano que est√° terminando mas j√° consideramos pakas?!

Estamos juntos h√° pouco tempo, mas j√° temos muita hist√≥ria pra contar... Foram in√∫meras atualiza√ß√µes no app, e-mails, conversas por chat e telefone e risadas nas redes sociais. Garantimos que em 2016 teremos tudo isso e muito mais.

Hoje, podemos parecer poucos, mas, com o tempo, vamos conseguir mudar tudo! Obrigado por lutar ao nosso lado. O plano continua!

Boas festas, #Nus.",Timeline Photos,photo,https://www.facebook.com/nubankbrasil/photos/a.778850822153579.1073741831.674963205875675/996443597060966/?type=3,2015-12-23 08:10:04,3553,474,79
674963205875675_995563670482292,"Tem release novinho na #AppStore! Quem tem o iPhone 6s consegue bloquear o cart√£o, pagar a fatura e visualizar a √∫ltima transa√ß√£o usando o 3D Touch direto no √≠cone do nosso app! 

PS: Essa fun√ß√£o do 3D Touch s√≥ aparecer√° para voc√™ se o login no app por Touch ID estiver desligado. ;)",Timeline Photos,photo,https://www.facebook.com/nubankbrasil/photos/a.778850822153579.1073741831.674963205875675/995563670482292/?type=3,2015-12-21 14:55:10,1132,160,22
674963205875675_992993074072685,"Ainda n√£o nos segue no Instagram? L√° tem #roxinho segurando a Torre de Pisa, comendo cupcake, tem tour pelo nosso primeiro escrit√≥rio e muito mais. Vemk ver: https://goo.gl/URWkmm",Timeline Photos,photo,https://www.facebook.com/nubankbrasil/photos/a.778850822153579.1073741831.674963205875675/992993074072685/?type=3,2015-12-16 12:51:11,1174,174,16
674963205875675_990782960960363,Acho que somos realmente inovadores! Entramos para a lista da Exame de 15 empresas inovadoras que marcaram 2015. Tem como esse ano terminar melhor? üòç,15 empresas inovadoras que marcaram 2015 | EXAME.com,link,http://goo.gl/35lWjj,2015-12-11 11:46:40,2343,258,82
674963205875675_989763121062347,"Estamos fechando o ano com chave de ouro! Fomos eleitos o app mais inovador de 2015 pela #AppStore brasileira. Tudo isso, gra√ßas a um super time de devs, designers e engenheiros, que tanto suam para que voc√™s possam ter a melhor experi√™ncia poss√≠vel. Que venham os forninhos de 2016!",Timeline Photos,photo,https://www.facebook.com/nubankbrasil/photos/a.778850822153579.1073741831.674963205875675/989763121062347/?type=3,2015-12-09 11:43:07,6703,629,222
674963205875675_989304367774889,Como voc√™ imagina que √© trabalhar aqui no Nu? Com roupa social? De chinelo? A mat√©ria que passou ontem no programa Conta Corrente do Globo News desvendou todo esse mist√©rio. Vem descobrir!,Empresas apostam em programas para desenvolver jovens talentos - GloboNews ‚Äì Conta Corrente -...,video,http://goo.gl/jPFgVA,2015-12-08 12:00:01,2605,338,167
674963205875675_988749257830400,"Sabia que no nosso aplicativo web d√° pra ver o quanto voc√™ gasta com alimenta√ß√£o, lazer ou transporte? D√° uma olhada l√° ;) 
https://goo.gl/z1bSLC",Timeline Photos,photo,https://www.facebook.com/nubankbrasil/photos/a.778850822153579.1073741831.674963205875675/988749257830400/?type=3,2015-12-07 11:00:01,1756,246,33
674963205875675_987298664642126,"Voc√™ √© ou conhece uma pessoa proativa, determinada, curiosa e que gosta de tecnologia? D√° uma olhada na nossa vaga exclusiva para pessoas com defici√™ncia, queremos voc√™! https://goo.gl/H6cV03",Timeline Photos,photo,https://www.facebook.com/nubankbrasil/photos/a.778850822153579.1073741831.674963205875675/987298664642126/?type=3,2015-12-04 10:52:28,814,104,41
674963205875675_985886948116631,"Se voc√™ j√° tem o #roxinho e faz parte do MasterCard¬Æ Surpreenda, prepare-se! Voc√™ pode ter um sonho realizado.

√â muito f√°cil participar. Pra quem ainda n√£o √© registrado no Surpreenda, basta se cadastrar por aqui: https://goo.gl/rCeLPt

Depois de cadastrado √© s√≥ ir √†s compras. Cada transa√ß√£o equivale a um n√∫mero da sorte. Todo m√™s rola um sorteio e, se o seu n√∫mero da sorte for selecionado, a MasterCard¬Æ entrar√° em contato com voc√™ pra saber o que te surpreenderia.

Ent√£o conta pra gente: o que mais te surpreende? üòâ",Timeline Photos,photo,https://www.facebook.com/nubankbrasil/photos/a.778850822153579.1073741831.674963205875675/985886948116631/?type=3,2015-12-01 11:14:23,2181,534,91
674963205875675_985529968152329,"E pra quem pensou que a gnt tinha esquecido o #NovembroAzul, t√° aqui nossa homenagem! üòÅ

Guardamos os nossos barbudos, bigodudos e bigodudas pro √∫ltimo dia do m√™s para mostrar que conscientiza√ß√£o n√£o deve ser apenas no m√™s de novembro, mas durante todos os meses do ano! #Movember #NuvembroAzul",Timeline Photos,photo,https://www.facebook.com/nubankbrasil/photos/a.778850822153579.1073741831.674963205875675/985529968152329/?type=3,2015-11-30 13:22:51,682,53,10
674963205875675_984194524952540,"E a√≠ Nus, v√£o usar o seu #roxinho para comprar o que nessa #BlackFriday?",Timeline Photos,photo,https://www.facebook.com/nubankbrasil/photos/a.778850822153579.1073741831.674963205875675/984194524952540/?type=3,2015-11-27 08:05:24,1603,485,8
674963205875675_983856194986373,N√£o √© que passamos dos 100 mil likes? Somos s√≥ sorrisos e cora√ß√µes por aqui! üòÅüíú,Timeline Photos,photo,https://www.facebook.com/nubankbrasil/photos/a.778850822153579.1073741831.674963205875675/983856194986373/?type=3,2015-11-26 11:41:18,4730,426,45
674963205875675_982994915072501,"O Erick, assim como muitos de voc√™s, ama tanto o Nubank que j√° fez de tudo para continuar usando o cart√£o dele mesmo sem o app para Windows Phone. Ele quase chorou de alegria quando viu a mat√©ria do TecMundo e pensou...‚Äúser√° que se todo mundo pedir com carinho, o Luiz, dev de WP do Nubank, libera o beta pra gente?‚Äù 

E assim nasceu o movimento #LiberaLuiz! O movimento da gera√ß√£o Windows Phone brasileira lutando por aquilo que mais deseja: o beta do app do Nubank!

Se voc√™ j√° tem o cart√£o Nubank, junte-se ao Erick postando uma foto sua no Facebook, Twitter ou Instagram, usando a hashtag #LiberaLuiz. Quem sabe ele n√£o te surpreende liberando o beta pra voc√™...",Timeline Photos,photo,https://www.facebook.com/nubankbrasil/photos/a.778850822153579.1073741831.674963205875675/982994915072501/?type=3,2015-11-24 11:25:05,1273,355,65
674963205875675_982608151777844,"A Revista EXAME fez uma super mat√©ria sobre as startups que est√£o agitando a economia brasileira e n√≥s estampamos a capa!

Temos orgulho de fazer parte da revolu√ß√£o do mercado financeiro, e voc√™? #sounu",Timeline Photos,photo,https://www.facebook.com/nubankbrasil/photos/a.778850822153579.1073741831.674963205875675/982608151777844/?type=3,2015-11-23 12:34:59,2237,202,104
674963205875675_981000751938584,"Pessoal do Windows Phone, vem matar quem estava te matando. üòâ O TecMundo veio aqui testar o app em primeira m√£o.",Testamos: app do Nubank est√° vindo ao Windows Phone e mant√©m qualidade,link,http://goo.gl/O8I6dH,2015-11-19 12:59:25,2278,501,114
674963205875675_980197045352288,Porque colorir dentro das linhas nunca foi muito o nosso estilo. #DiaDaCriatividade,Timeline Photos,photo,https://www.facebook.com/nubankbrasil/photos/a.778850822153579.1073741831.674963205875675/980197045352288/?type=3,2015-11-17 14:15:11,1036,160,20
674963205875675_977256152313044,"Assistimos ao trailer de Procurando Dory e ficamos aqui pensando qual funcionalidade do #Nubank a Dory mais curtiria. A gente acha que √© a possibilidade de recuperar a senha do cart√£o direto no app, e voc√™s? üòâ üêü",Timeline Photos,photo,https://www.facebook.com/nubankbrasil/photos/a.778850822153579.1073741831.674963205875675/977256152313044/?type=3,2015-11-10 13:41:28,2708,380,58
674963205875675_975165662522093,"J√° imaginou um app do Nubank sem a barra de limite? E sem o logo que voc√™ consegue ler at√© de ponta cabe√ßa? Ia ser bem parecido com tudo que j√° existe, n√©?

Gra√ßas √† nossa equipe animal de design, n√£o precisamos imaginar tudo isso. Aproveitamos que hoje √© Dia Nacional do Designer pra contar pro Brasil inteiro o quanto os amamos. √â tanto amor que nem os deixamos fazer a cria√ß√£o de hoje, desculpa! üòÅüíú",,video,https://www.facebook.com/nubankbrasil/videos/975165662522093/,2015-11-05 14:35:18,1295,256,35
674963205875675_973083636063629,"Nesse #Nulloween, estamos dando tchau tchau aos maiores pesadelos das nossas vidas financeiras: a burocracia e a anuidade! #sounu",Timeline Photos,photo,https://www.facebook.com/nubankbrasil/photos/a.778850822153579.1073741831.674963205875675/973083636063629/?type=3,2015-10-31 09:35:05,5301,522,231
674963205875675_972741282764531,"7 dias... 7 dias para sua compra ser processada, senhor.

O #Nulloween chegou cedo por aqui, e o #NuXperienceTeam t√° de arrepiar! A Ju, por exemplo, t√° s√≥ esperando o telefone tocar...  

#Halloween #OChamado",Timeline Photos,photo,https://www.facebook.com/nubankbrasil/photos/a.778850822153579.1073741831.674963205875675/972741282764531/?type=3,2015-10-30 11:28:19,409,80,8
674963205875675_969957643042895,"BH, estamos chegando para marcar presen√ßa no GDG Devfest Sudeste! Corram que ainda d√° tempo de comprar um ingresso para ver o nosso Mobile Tech Leader falar sobre o #Nubank e a tecnologia por tr√°s do nosso app para Android :D","GDG Devfest Sudeste - Participe, aprenda e divirta-se!",link,http://goo.gl/WB48We,2015-10-23 11:55:14,286,122,3
674963205875675_969092793129380,O atendimento mais famoso do Brasil! #sounu ‚úåüíú,O Atendimento ‚ÄúSuper Cool‚Äù do Nubank,link,http://goo.gl/TLAICV,2015-10-21 11:15:09,4208,677,395
674963205875675_968716899833636,"Se voc√™ entende tudo de design e m√≠dias sociais, estamos te procurando! T√° afim de ser o mais novo estagi√°rio de Visual Design do #Nubank? √â s√≥ se inscrever na nossa vaga: https://goo.gl/6ORmCl üòâ",Timeline Photos,photo,https://www.facebook.com/nubankbrasil/photos/a.778850822153579.1073741831.674963205875675/968716899833636/?type=3,2015-10-20 12:55:21,1025,263,88
674963205875675_968329566539036,"S√≥ um pouquinho da galera que faz de tudo para tornar a sua experi√™ncia com a gente, a melhor! #NuXperienceTeam üíú",Timeline Photos,photo,https://www.facebook.com/nubankbrasil/photos/a.778850822153579.1073741831.674963205875675/968329566539036/?type=3,2015-10-19 16:05:04,2099,202,36
674963205875675_966612456710747,"Momento ""quem avisa, amigo √©"" de hoje: cuidado com as pessoas que est√£o vendendo indica√ß√µes para o #Nubank online! Os mal intencionados podem usar seus dados para obterem informa√ß√µes sens√≠veis sobre voc√™ e te prejudicar. Os #Nus de bom cora√ß√£o est√£o sempre distribuindo indica√ß√µes, sem cobrar nada, na se√ß√£o de coment√°rios e nas comunidades de f√£s do Nubank.

E para os espertinhos de plant√£o,  gostar√≠amos de deixar bem bem claro que n√≥s n√£o apoiamos a venda de indica√ß√µes e estamos de olho em voc√™s, hein! üëÄ",Timeline Photos,photo,https://www.facebook.com/nubankbrasil/photos/a.778850822153579.1073741831.674963205875675/966612456710747/?type=3,2015-10-15 13:15:18,2296,482,131
674963205875675_965284456843547,"Dizem que todo adulto tem uma crian√ßa dentro de si. N√£o vamos esconder que a crian√ßa dentro de n√≥s √© a que prefere brincar com a caixa ao inv√©s do brinquedo novo ou que prefere inventar brincadeiras ao inv√©s de participar naquele mesmo jogo de sempre. 

Somos felizes por que a nossa crian√ßa interior faz parte do nosso trabalho, fazendo com que a gente nunca perca a curiosidade e carinho para criar produtos que voc√™s tanto amam.

Feliz Dia das Crian√ßas, Nus!",Timeline Photos,photo,https://www.facebook.com/nubankbrasil/photos/a.778850822153579.1073741831.674963205875675/965284456843547/?type=3,2015-10-12 11:10:22,799,55,25
674963205875675_963894743649185,"T√£o lembrados daquela dupla de pai e filho que enfrentaram a ladeira do Red Bull Soapbox Goi√¢nia carregando o nome e a honra do Nubank? Hoje lan√ßamos um v√≠deo que acompanha de pertinho a jornada deles. Vem curtir essa experi√™ncia com a gente! #CredsonsCar

Quer conhecer mais sobre o Nubank? http://goo.gl/zNTNv2",Nubank & #CredsonsCar (Soapbox 2015),video,https://www.facebook.com/nubankbrasil/videos/963894743649185/,2015-10-09 12:00:00,1025,105,73
674963205875675_963525443686115,#OutubroRosa,Nubank Brasil,photo,https://www.facebook.com/nubankbrasil/photos/a.674963969208932.1073741825.674963205875675/963525427019450/?type=3,2015-10-08 09:32:35,3785,191,40
674963205875675_960156854022974,"Quem viu a mat√©ria do Jornal Nacional falando sobre a anuidade dos cart√µes de cr√©dito? goo.gl/WHiySu

Que bom seria se existisse um cart√£o de cr√©dito sem anuidade e, pra melhorar, sem tarifas. üòâ",Administradoras deixam de negociar anuidades de cart√µes de cr√©dito,link,http://g1.globo.com/jornal-nacional/noticia/2015/09/administradoras-de-credito-deixam-de-negociar-anuidades-de-cartoes.html,2015-09-29 16:06:08,4896,718,421
674963205875675_958166357555357,"Nada √© t√£o bom que n√£o possa ser melhor üíú

Qual √© o √≠cone que mais aparece no seu app? Conta pra gente!",Timeline Photos,photo,https://www.facebook.com/nubankbrasil/photos/a.778850822153579.1073741831.674963205875675/958166357555357/?type=3,2015-09-24 13:25:34,1140,338,21
674963205875675_956585327713460,"E n√£o √© que lan√ßaram o watchOS 2 hoje?! Estamos fazendo uma dancinha de comemora√ß√£o aqui do nosso lado! Aproveitem as novas funcionalidades ;)

----

#Nus, como voc√™s sabem, estamos sempre atualizando nosso app com as mais novas tecnologias e novas fun√ß√µes... Nos esfor√ßamos muito para ser um dos primeiros apps com integra√ß√µes para iOS9 e watchOS 2, e apresentamos funcionalidades novas logo no dia do lan√ßamento. 

Infelizmente, a Apple adiou o lan√ßamento do watchOS 2. Por isso, todos que atualizaram seus sistemas operacionais para iOS9 e estiverem rodando a √∫ltima vers√£o do app do Nubank, n√£o est√£o conseguindo usar o nosso app no Apple Watch. Pode ter certeza que assim que a Apple lan√ßar o watchOS 2, n√≥s vamos comemorar juntos com voc√™s! Ah e l√≥gico, o app para Watch voltar√° a funcionar normalmente.",Timeline Photos,photo,https://www.facebook.com/nubankbrasil/photos/a.778850822153579.1073741831.674963205875675/956585327713460/?type=3,2015-09-21 09:55:00,639,126,7
674963205875675_955998401105486,"Qual √© a melhor maneira de se preparar para a loucura que vem por a√≠? Uma webs√©rie do N√£o Salvo visitando os carrinhos mais loucos dessa edi√ß√£o do Red Bull Soapbox! L√≥gico que n√£o ia faltar #CredsonsCar! 

Ao longo do dia vamos postar fotos e v√≠deos exclusivos do evento l√° no nosso Twitter (www.twitter.com.br/nubankbrasil). N√£o deixem de conferir e torcer com a gente ;)",N√£o Salvo visita as m√°quinas do Red Bull Soapbox,link,http://goo.gl/uorAoW,2015-09-20 05:30:01,331,24,7
674963205875675_954288884609771,"Com a atualiza√ß√£o do #iOS9 voc√™ v√™ suas transa√ß√µes direto na busca do iOS sem precisar abrir o app. M√°gica? N√£o, #Nubank!",Timeline Photos,photo,https://www.facebook.com/nubankbrasil/photos/a.778850822153579.1073741831.674963205875675/954288884609771/?type=3,2015-09-16 13:25:09,1513,219,28
674963205875675_953897947982198,Feliz dia do Cliente Nu üíú #SouNu,Timeline Photos,photo,https://www.facebook.com/nubankbrasil/photos/a.778850822153579.1073741831.674963205875675/953897947982198/?type=3,2015-09-15 15:59:02,4544,403,270
674963205875675_953239214714738,"O suspense acabou! Dia 20 estaremos em Goi√¢nia para o nosso primeiro evento ao vivo, o Red Bull #SoapBox! J√° conhecem? √â uma das corridas mais malucas do mundo, onde os participantes constroem seus pr√≥prios carrinhos.

E quem melhor do que n√≥s para participar de um evento t√£o diferente quanto esse? Estaremos l√° apoiando a equipe do #CredsonsCar, um grupo que tem tudo a ver com a gente. Quer participar da massa roxa? Te esperamos com a camiseta oficial do evento!",Timeline Photos,photo,https://www.facebook.com/nubankbrasil/photos/a.778850822153579.1073741831.674963205875675/953239214714738/?type=3,2015-09-14 14:30:36,1054,152,27
674963205875675_950932114945448,"Contamos pra EXAME um pouco sobre nossa lista de espera, Windows Phone, e juros mais baixos... Vem conferir!  #SouNu üíú",Fila de espera do cobi√ßado cart√£o Nubank n√£o para de crescer | EXAME.com,link,http://goo.gl/Y7fHqL,2015-09-10 13:38:01,4019,692,570
674963205875675_950447578327235,Mais sobre os geeks e nerds que est√£o liderando a revolu√ß√£o financeira no Brasil! #sounu,O cart√£o roxo que tem fila de espera e desafia os bancos | VEJA.com,link,http://goo.gl/QDTQ97,2015-09-09 11:35:55,3556,585,723
674963205875675_949566248415368,"Hoje aproveitamos para relembrar como √© importante lutar pelo que acreditamos! Feliz 7 de setembro, #Nus üíöüíõüíú!",Timeline Photos,photo,https://www.facebook.com/nubankbrasil/photos/a.778850822153579.1073741831.674963205875675/949566248415368/?type=3,2015-09-07 15:41:21,1524,101,11
674963205875675_947661688605824,Uma pr√©via do que voc√™s v√£o poder conferir ao vivo no dia 20! J√° conseguem descobrir o que √©?,Timeline Photos,photo,https://www.facebook.com/nubankbrasil/photos/a.778850822153579.1073741831.674963205875675/947661688605824/?type=3,2015-09-03 14:33:14,1715,845,31
674963205875675_946868922018434,"Ainda bem que o #Nu √© aceito em mais de 30 milh√µes de estabelecimentos, n√© Harry? Agora sim o James t√° preparad√≠ssimo pro primeiro dia de aula! ‚ö°üìö #BackToHogwarts",Timeline Photos,photo,https://www.facebook.com/nubankbrasil/photos/a.778850822153579.1073741831.674963205875675/946868922018434/?type=3,2015-09-01 16:13:30,1606,231,66
674963205875675_946798195358840,Sabe tudo de finan√ßas e contabilidade? Vem completar o nosso time! http://goo.gl/fB6aOd,Timeline Photos,photo,https://www.facebook.com/nubankbrasil/photos/a.778850822153579.1073741831.674963205875675/946798195358840/?type=3,2015-09-01 12:28:07,446,83,25
674963205875675_944958112209515,Quem tem esp√≠rito de inova√ß√£o de verdade transforma tudo que toca...aguardem!,Timeline Photos,photo,https://www.facebook.com/nubankbrasil/photos/a.778850822153579.1073741831.674963205875675/944958112209515/?type=3,2015-08-28 12:03:22,2458,259,92
674963205875675_944104598961533,Mat√©ria bem legal do blog Infomania sobre o #roxinho! J√° viram?,"Saiba tudo sobre o Nubank, o cart√£o de cr√©dito que voc√™ controla pelo celular",link,http://abr.ai/1Jx5Fp3,2015-08-26 16:45:25,2156,343,251
674963205875675_940165829355410,"Sabia que hoje √© o Dia Mundial da Liberta√ß√£o Humana? Quer dia mais perfeito para se libertar de tudo aquilo que te prende e de lutar pela sua liberdade? Vem ficar mais leve e despreocupado, #VemSerNu!",Timeline Photos,photo,https://www.facebook.com/nubankbrasil/photos/a.778850822153579.1073741831.674963205875675/940165829355410/?type=3,2015-08-18 15:11:50,901,177,51
674963205875675_937959839576009,"A gente j√° ouviu v√°rios ‚Äúvoc√™ √© muito novo pra entender isso,‚Äù ou ‚Äúvoc√™ sonha demais, precisa ter os p√©s no ch√£o.‚Äù Sentimos na pele como √© ser diferente, mais curioso e inquisitivo, mas tamb√©m tivemos pessoas que acreditaram em n√≥s e que nos inspiraram. Por isso, estamos contratando menores aprendizes! Se voc√™ tem entre 14 e 18 anos, ainda est√° no ensino m√©dio e tem sede de aprender, se inscreva no nosso processo seletivo. Queremos voc√™! https://goo.gl/o84zBx",Timeline Photos,photo,https://www.facebook.com/nubankbrasil/photos/a.778850822153579.1073741831.674963205875675/937959839576009/?type=3,2015-08-13 13:26:21,1411,258,139
674963205875675_934612946577365,Comprou o presente de #DiaDosPais com o #roxinho? Poste um v√≠deo com a rea√ß√£o do seu pai ao abrir o presente com a tag #DeixeiMeuPaiNu. Quem sabe n√£o divulgamos os mais legais? #TodoMundoNu ;),Timeline Photos,photo,https://www.facebook.com/nubankbrasil/photos/a.778850822153579.1073741831.674963205875675/934612946577365/?type=3,2015-08-06 13:00:01,378,126,8
674963205875675_933645693340757,Sabia que temos um lugar onde guardamos todas as coisas boas que voc√™s falam da gente? Quer fazer parte dessa cole√ß√£o e da hist√≥ria do #Nubank? √â s√≥ escrever um tweet sobre a gente usando a tag #SouNu! https://goo.gl/6i7GM1,Mural NuLove from Nubank on Twitter,link,https://goo.gl/6i7GM1,2015-08-04 11:00:02,557,145,7
674963205875675_930062233699103,Estamos contratando Software Infrastructure Engineers! O caf√© √© por nossa conta ;) http://goo.gl/tYq6B4,Timeline Photos,photo,https://www.facebook.com/nubankbrasil/photos/a.778850822153579.1073741831.674963205875675/930062233699103/?type=3,2015-07-27 15:31:05,500,114,29
674963205875675_928402103865116,Quer fazer parte do time que est√° revolucionando o conceito de UX e Customer Experience no Brasil? D√° um pulo aqui http://goo.gl/HZIYQb e se inscreve no nosso processo seletivo!,Timeline Photos,photo,https://www.facebook.com/nubankbrasil/photos/a.778850822153579.1073741831.674963205875675/928402103865116/?type=3,2015-07-23 11:34:54,694,200,86
674963205875675_927158633989463,"Amigo que √© amigo de verdade, manda indica√ß√£o pro Nubank! Aproveita que hoje √© #DiaDoAmigo e faz a felicidade da galera! #VemSerNu :D",Timeline Photos,photo,https://www.facebook.com/nubankbrasil/photos/a.778850822153579.1073741831.674963205875675/927158633989463/?type=3,2015-07-20 15:00:01,1146,339,45
674963205875675_925811497457510,Viram a mat√©ria do TecMundo sobre a gente? Eles vieram aqui na nossa sede conferir tudo de pertinho! Ficou curioso e quer conhecer mais sobre o #Nubank? Chega mais: http://goo.gl/q4XSd8,Nubank √© o cart√£o de cr√©dito do futuro; fomos conhecer a sede em SP,link,http://www.tecmundo.com.br/apps/83365-nubank-cartao-credito-futuro-fomos-conhecer-sede-sp.htm,2015-07-17 15:57:05,2780,490,353
674963205875675_925746544130672,,Nubank Brasil's cover photo,photo,https://www.facebook.com/nubankbrasil/photos/a.776016582437003.1073741830.674963205875675/925745767464083/?type=3,2015-07-17 12:15:26,679,79,5
674963205875675_923960150975978,"Aproveitamos que hoje √© o #DiaMundialDoRock para compartilhar com voc√™s algumas m√∫sicas que inspiram a nossa revolu√ß√£o! Quem sabe n√£o inspiramos voc√™s tamb√©m? 

https://open.spotify.com/user/nubankbrasil/playlist/61TuG0Ax3RucGi0rBkZ8HI","Para Revolucionar, a playlist by nubankbrasil on Spotify",link,https://open.spotify.com/user/nubankbrasil/playlist/61TuG0Ax3RucGi0rBkZ8HI,2015-07-13 11:00:01,181,58,0
674963205875675_922389677799692,"Nosso 0800 est√° de volta ao ar, #Nus. Muito obrigado pela paci√™ncia!  

---

Pessoal, estamos com problemas no nosso 0800. Se voc√™s precisarem de ajuda com qualquer coisa, a melhor maneira de entrar em contato com a gente √© pelo chat direto no app. Tamb√©m podemos te ajudar por email (meajuda@nubank.com.br), mensagens aqui nessa p√°gina e na nossa p√°gina do Twitter (www.twitter.com/nubankbrasil).

Assim que tivermos mais not√≠cias e tudo se estabilizar, voltamos aqui para te avisar! Obrigado pela paci√™ncia!",Timeline Photos,photo,https://www.facebook.com/nubankbrasil/photos/a.778850822153579.1073741831.674963205875675/922389677799692/?type=3,2015-07-09 16:25:02,254,111,2
674963205875675_919196668118993,"J√° checou a home da #AppStore, hoje? Tem gente estreando por l√°!",Timeline Photos,photo,https://www.facebook.com/nubankbrasil/photos/a.778850822153579.1073741831.674963205875675/919196668118993/?type=3,2015-07-02 14:27:12,781,195,15
674963205875675_918706691501324,"J√° conferiu o #AppleMusic? D√° pra curtir tr√™s meses de gra√ßa! Sabe como? √â s√≥ usar aquele seu cart√£o roxinho, internacional e sem taxas na hora do cadastro üéßüòâ",Timeline Photos,photo,https://www.facebook.com/nubankbrasil/photos/a.778850822153579.1073741831.674963205875675/918706691501324/?type=3,2015-07-01 13:52:39,1150,179,35
674963205875675_916451855060141,"Hoje o dia √© mais do que s√≥ roxo: √© verde, vermelho, laranja, azul e amarelo! #LoveWins",Timeline Photos,photo,https://www.facebook.com/nubankbrasil/photos/a.778850822153579.1073741831.674963205875675/916451855060141/?type=3,2015-06-26 12:59:47,4411,321,113
674963205875675_915584921813501,Vai sair pra aproveitar o Dia de S√£o Jo√£o? N√£o esquece de levar a gente e postar uma foto sua com a hashtag #NuS√£oJo√£o!,Timeline Photos,photo,https://www.facebook.com/nubankbrasil/photos/a.778850822153579.1073741831.674963205875675/915584921813501/?type=3,2015-06-24 10:27:45,464,98,8
674963205875675_913118728726787,"Sabia que usando o seu Nubank na compra de um ingresso no Cinemark, mais 10 pontos do Surpreenda, voc√™ ganha o ingresso do acompanhante? Aproveite que hoje √© Dia do Cinema Brasileiro e junte o √∫til ao agrad√°vel! Para resgatar seus pontos √© s√≥ dar um pulinho aqui: https://goo.gl/LczIEw",Timeline Photos,photo,https://www.facebook.com/nubankbrasil/photos/a.778850822153579.1073741831.674963205875675/913118728726787/?type=3,2015-06-19 11:00:06,703,191,23
674963205875675_911502402221753,"Estamos procurando os melhores engenheiros de software do Brasil! Entende tudo de iOS, Android ou Windows Phone? Corre que s√≥ temos uma vaga para cada plataforma :) http://goo.gl/6qjhVj",Timeline Photos,photo,https://www.facebook.com/nubankbrasil/photos/a.778850822153579.1073741831.674963205875675/911502402221753/?type=3,2015-06-15 12:12:14,588,179,67
674963205875675_910303719008288,"Com todas as mensagens de Dia dos Namorados soltas por a√≠, quer√≠amos deixar a nossa mensagem de amor para voc√™s: Obrigado por fazerem parte da nossa hist√≥ria e sempre nos ajudarem a crescer e melhorar. <3",Timeline Photos,photo,https://www.facebook.com/nubankbrasil/photos/a.778850822153579.1073741831.674963205875675/910303719008288/?type=3,2015-06-12 12:17:17,753,84,5
674963205875675_905930009445659,N√£o basta ser internacional s√≥ na hora das compras. Olha s√≥ o que o New York Times e a √âpoca falaram sobre o nosso roxinho!  http://goo.gl/MEzjHk e http://goo.gl/HJpTNS #VemSerNu,Timeline Photos,photo,https://www.facebook.com/nubankbrasil/photos/a.778850822153579.1073741831.674963205875675/905930009445659/?type=3,2015-06-08 11:00:02,524,113,35
674963205875675_906010246104302,"Querem ouvir uma not√≠cia boa? J√° estamos com uma vers√£o novinha na App Store que corrige aquele bug chato de iOS que ficava te ""deslogando"". Agora √© s√≥ atualizar o seu app e curtir o seu roxinho como sempre :D
----------

Pessoal, como voc√™s sabem n√≥s prezamos sempre a transpar√™ncia e quer√≠amos avisar voc√™s sobre alguns bugs que achamos na vers√£o nova do nosso app para iPhone (2.3.0). Infelizmente, ap√≥s a atualiza√ß√£o, alguns usu√°rios est√£o sendo for√ßados ao log out, enquanto alguns usu√°rios com o sistema operacional iOS7, tamb√©m est√£o sofrendo com um crash.

Gostar√≠amos de refor√ßar que seus dados n√£o foram perdidos ou comprometidos e que vamos testar mais casos espec√≠ficos para evitar esses tipos de incidentes no futuro.

Mais uma vez, pedimos desculpas pelo transtorno! Trabalhamos muito pra evitar que coisas como estas aconte√ßam, mas infelizmente n√£o conseguimos identificar estes bugs a tempo.

Assim que voltar ao normal, avisamos voc√™s, ok?",Timeline Photos,photo,https://www.facebook.com/nubankbrasil/photos/a.778850822153579.1073741831.674963205875675/906010246104302/?type=3,2015-06-05 12:33:15,794,178,20
674963205875675_904675829571077,J√° ouviram a novidade? Recebemos uma segunda rodada de investimentos que vai nos ajudar a melhorar ainda mais a sua experi√™ncia Nubank! Quer saber mais? Olhem as mat√©rias do TechCrunch http://goo.gl/DHDF3o e da EXAME.com http://goo.gl/R3VyDE a√≠!,Timeline Photos,photo,https://www.facebook.com/nubankbrasil/photos/a.778850822153579.1073741831.674963205875675/904675829571077/?type=3,2015-06-02 13:51:08,824,135,47
674963205875675_901803093191684,"Hey, voc√™! Voc√™ mesmo que tem vontade de ajudar e melhorar ainda mais a experi√™ncia Nubank. Precisamos da sua ajuda!

Criamos uma pesquisa r√°pida para entender melhor como voc√™ usa o seu cart√£o Nubank e melhorar o nosso servi√ßo. Quem responder passa a fazer parte do nosso programa #Nubeta, e pode testar novas vers√µes do app e at√© vir na nossa sede :)
https://nubeta.typeform.com/to/terWV6

Ainda n√£o tem um cart√£o Nubank? N√£o tem problema! Pode ajudar tamb√©m respondendo esta pesquisa: https://nubeta.typeform.com/to/dE7Ten",Timeline Photos,photo,https://www.facebook.com/nubankbrasil/photos/a.778850822153579.1073741831.674963205875675/901803093191684/?type=3,2015-05-28 08:00:00,576,223,36
674963205875675_901711913200802,O pessoal da IDG Now! passou uma tarde com a gente conversando sobre o Nubank. Quer saber mais sobre o cart√£o que t√° na boca (e carteira) dos brasileiros? http://goo.gl/rfberu #sounu,IDG Now!,photo,https://www.facebook.com/idgnow/photos/a.10150414441788858.457392.23027913857/10153880675753858/?type=3,2015-05-27 12:30:55,432,108,0
674963205875675_899860013385992,"E a√≠, voc√™ j√° conhece o cart√£o mais cobi√ßado do momento?
http://goo.gl/w4dqBT","Conhe√ßa o Nubank, o cart√£o mais cobi√ßado do momento | EXAME.com",link,http://exame.abril.com.br/seu-dinheiro/noticias/conheca-o-nubank-cartao-mais-cobicado-do-momento,2015-05-22 11:21:18,1344,351,236
674963205875675_898984630140197,"Voc√™ tamb√©m √© inconformado por natureza, cansado de esperar o mundo mudar? Voc√™ tamb√©m prefere ir l√° e fazer a revolu√ß√£o? Ent√£o somos perfeitos um para o outro! Vem ser Nu!",Timeline Photos,photo,https://www.facebook.com/nubankbrasil/photos/a.778850822153579.1073741831.674963205875675/898984630140197/?type=3,2015-05-20 12:11:27,655,185,29
674963205875675_898408496864477,"O pessoal da EXAME.com conferiu o nosso aplicativo pra Apple Watch. Quer saber o que eles acharam? 

http://exame.abril.com.br/tecnologia/noticias/apple-watch-ganha-app-brasileiro-para-pagamentos#3",Apple Watch ganha app brasileiro para pagamentos | EXAME.com,link,http://exame.abril.com.br/tecnologia/noticias/apple-watch-ganha-app-brasileiro-para-pagamentos#3,2015-05-18 15:49:34,330,86,22
674963205875675_896688850369775,"E l√° vamos n√≥s de novo, colocando o controle cada vez mais na sua m√£o! Sabia que voc√™ pode mudar o limite do seu cart√£o Nubank direto no aplicativo?",Timeline Photos,photo,https://www.facebook.com/nubankbrasil/photos/a.778850822153579.1073741831.674963205875675/896688850369775/?type=3,2015-05-14 10:00:02,607,202,30
674963205875675_894487207256606,#TheS√£oPauloTimes confirmando o que a gente sempre soube: m√£es com cart√£o Nubank s√£o as m√£es mais modernas do pa√≠s! Feliz Dia das M√£es para todas! http://www.saopaulotimes.com.br/sp/5-apps-que-ajudam-as-maes-modernas/,5 apps que ajudam as m√£es modernas,link,http://www.saopaulotimes.com.br/sp/5-apps-que-ajudam-as-maes-modernas/,2015-05-10 10:00:01,147,74,4
674963205875675_891534840885176,"Vai passar o feriado no Rio de Janeiro? N√£o esque√ßa de se cadastrar no programa Priceless Cities do MasterCard Platinum que apresentando o seu roxinho e um documento com foto, a cadeira e guarda-sol saem de gra√ßa. 
https://www.priceless.com/pt-br/brazil/Cadeira-de-praia-conforto-de-frente-para/offer.html

Ainda n√£o conhece a gente? Entre no nosso site para descobrir como ser um cliente Nubank! http://goo.gl/FdQyky
PS: Pe√ßa para um amigo que j√° √© cliente te indicar e ganhe prioridade em nossa lista de espera.",Timeline Photos,photo,https://www.facebook.com/nubankbrasil/photos/a.778850822153579.1073741831.674963205875675/891534694218524/?type=3,2015-04-30 12:03:50,281,120,21
674963205875675_888712811167379,Estamos sempre atentos √†s novas tecnologias e com o Apple Watch n√£o poderia ser diferente! Somos uma das primeiras empresas brasileiras com o app j√° dispon√≠vel para o novo wearable da Apple.,Timeline Photos,photo,https://www.facebook.com/nubankbrasil/photos/a.778850822153579.1073741831.674963205875675/888669411171719/?type=3,2015-04-24 11:00:01,689,112,30
674963205875675_885405261498134,Somos a 1¬™ startup a receber investimentos do grupo Sequoia no Brasil. Quer saber o que isso significa? Leia a materia! http://exame.abril.com.br/pme/noticias/sequoia-capital-do-vale-do-silicio-estreia-no-brasil,"Sequoia Capital, do Vale do Sil√≠cio, estreia no Brasil | EXAME.com",link,http://exame.abril.com.br/pme/noticias/sequoia-capital-do-vale-do-silicio-estreia-no-brasil,2015-04-17 14:43:01,431,57,22
674963205875675_881218315250162,Ser nu √© ser livre. Quer jogar fora o que n√£o serve mais e vir com a gente? ;-) #sounu,Timeline Photos,photo,https://www.facebook.com/nubankbrasil/photos/a.778850822153579.1073741831.674963205875675/877214245650569/?type=3,2015-04-09 12:00:01,255,64,9
674963205875675_878503155521678,O mundo j√° est√° cheio de complica√ß√µes. A gente prefere simplificar as coisas #sounu,Timeline Photos,photo,https://www.facebook.com/nubankbrasil/photos/a.778850822153579.1073741831.674963205875675/877213285650665/?type=3,2015-04-03 15:30:01,197,36,4
674963205875675_877570955614898,"ATT:

Pessoal, os acessos j√° foram normalizados! Muito obrigado pela compreens√£o de todos vcs! <3

----------------------------------------------------------------------

Estamos com uma instabilidade nos acessos neste momento, mas a nossa equipe t√©cnica j√° foi acionada e tudo deve voltar ao normal em breve. Este ocorrido n√£o interfere na utiliza√ß√£o do cart√£o de cr√©dito, √© poss√≠vel fazer compras normalmente.

Pedimos desculpas pela falha, trabalhamos muito pra evitar que coisas como essa aconte√ßam, mas infelizmente n√£o conseguimos identificar esse impacto a tempo.

Assim que voltar ao normal, avisamos vcs, ok?",Timeline Photos,photo,https://www.facebook.com/nubankbrasil/photos/a.778850822153579.1073741831.674963205875675/877568845615109/?type=3,2015-04-01 13:09:22,246,59,1
674963205875675_877128688992458,"Usar menos papel, ir de bike para o trabalho, economizar √°gua. A gente apoia atitudes que visam a um mundo mais sustent√°vel. E voc√™? #sounu",Timeline Photos,photo,https://www.facebook.com/nubankbrasil/photos/a.778850822153579.1073741831.674963205875675/876724899032837/?type=3,2015-03-31 11:00:01,341,35,16
674963205875675_874879705884023,Nubank combina com happy hour. Tire uma foto com a galera e o cart√£o (sem mostrar os n√∫meros) e marque aqui na fan page! #sounu,Timeline Photos,photo,https://www.facebook.com/nubankbrasil/photos/a.778850822153579.1073741831.674963205875675/873106989394628/?type=3,2015-03-27 10:00:02,100,36,1
674963205875675_873125609392766,"Quer nos ajudar a melhorar cada vez mais nosso cart√£o e aplicativo? No Nubank Beta voc√™ testa novas vers√µes, participa de pesquisas e at√© pode ser convidado a conhecer nossa sede de pertinho ;-) http://bit.ly/1FB6SKS",Timeline Photos,photo,https://www.facebook.com/nubankbrasil/photos/a.778850822153579.1073741831.674963205875675/873125389392788/?type=3,2015-03-24 13:32:48,286,55,10
674963205875675_872589996112994,Perdeu o cart√£o e o celular? Em nosso acesso via site voc√™ tem todas as funcionalidades para ajudar!,Timeline Photos,photo,https://www.facebook.com/nubankbrasil/photos/a.778850822153579.1073741831.674963205875675/872567492781911/?type=3,2015-03-23 10:00:01,165,40,4
674963205875675_870871366284857,Hoje √© dia de come√ßar a programar o final de semana. J√° sabe com quem vai usar Nubank? ;-),Timeline Photos,photo,https://www.facebook.com/nubankbrasil/photos/a.778850822153579.1073741831.674963205875675/869789789726348/?type=3,2015-03-20 15:00:02,267,63,8
674963205875675_870292826342711,"O Nubank venceu a premia√ß√£o da Latam Founders Network, sendo considerada a empresa mais inovadora da Am√©rica Latina! ;-)  http://ow.ly/KxBLX",Timeline Photos,photo,https://www.facebook.com/nubankbrasil/photos/a.778850822153579.1073741831.674963205875675/870292669676060/?type=3,2015-03-19 12:12:07,730,70,33
674963205875675_869367966435197,Sem papel. A gente faz nossa parte por um mundo mais sustent√°vel! #sounu,Timeline Photos,photo,https://www.facebook.com/nubankbrasil/photos/a.778850822153579.1073741831.674963205875675/868721783166482/?type=3,2015-03-17 16:00:01,319,39,7
674963205875675_867343186637675,J√° usou Nubank em um restaurante muito legal? Indique aqui para outros Nubankers!,Timeline Photos,photo,https://www.facebook.com/nubankbrasil/photos/a.778850822153579.1073741831.674963205875675/866910606680933/?type=3,2015-03-13 10:00:03,89,40,1
674963205875675_866408596731134,O @BrunoLvL fotografou seu Nubank com muito estilo. e voc√™? Fa√ßa o mesmo e manda pra gente ;-) #sounubanker  OPS: s√≥ n√£o se esque√ßa de esconder os n√∫meros do cart√£o!,Timeline Photos,photo,https://www.facebook.com/nubankbrasil/photos/a.778850822153579.1073741831.674963205875675/865936420111685/?type=3,2015-03-11 11:00:01,115,47,1
674963205875675_865576233481037,"Liberdade √© poder organizar os gastos de forma transparente, com o uso de categorias e tags.",Timeline Photos,photo,https://www.facebook.com/nubankbrasil/photos/a.778850822153579.1073741831.674963205875675/865525956819398/?type=3,2015-03-09 11:00:01,144,30,0
674963205875675_863863023652358,O seu melhor amigo ainda n√£o tem Nubank? Marque o nome dele e conte pra gente por que ele deveria pedir um cart√£o ;-),Timeline Photos,photo,https://www.facebook.com/nubankbrasil/photos/a.778850822153579.1073741831.674963205875675/863862346985759/?type=3,2015-03-05 15:03:58,330,200,27
674963205875675_862966473742013,,Nubank Brasil's cover photo,photo,https://www.facebook.com/nubankbrasil/photos/a.776016582437003.1073741830.674963205875675/862966450408682/?type=3,2015-03-03 16:49:18,186,62,23
674963205875675_862951453743515,Algumas vezes √© preciso lembrar que √© poss√≠vel sair do lugar comum e fazer diferente #sounu,Timeline Photos,photo,https://www.facebook.com/nubankbrasil/photos/a.778850822153579.1073741831.674963205875675/862855697086424/?type=3,2015-03-03 16:00:01,341,44,11
674963205875675_860940893944571,Vai usar o cart√£o Nubank esta sexta √† noite? Tire uma foto e publique aqui na nossa p√°gina! #sounu,Timeline Photos,photo,https://www.facebook.com/nubankbrasil/photos/a.778850822153579.1073741831.674963205875675/859721067399887/?type=3,2015-02-27 11:00:01,110,84,1
674963205875675_860100080695319,"Se a data de vencimento do seu cart√£o n√£o √© a melhor para organizar as despesas, voc√™ pode pedir para alterarmos. Basta falar com a gente por chat, e-mail ou telefone.",Timeline Photos,photo,https://www.facebook.com/nubankbrasil/photos/a.778850822153579.1073741831.674963205875675/860070420698285/?type=3,2015-02-25 11:00:01,65,23,2
674963205875675_859642474074413,"J√° sonhou em iniciar a carreira em uma start up como o Nubank?
Se voc√™ quer trabalhar com inova√ß√£o e fazer parte de um time global de profissionais inconformados por natureza, n√≥s estamos com as portas abertas para customer experience trainees!
http://nubank.workable.com/jobs/39014",Timeline Photos,photo,https://www.facebook.com/nubankbrasil/photos/a.778850822153579.1073741831.674963205875675/859633144075346/?type=3,2015-02-24 10:30:00,134,31,16
674963205875675_859203620784965,"Se o ano s√≥ come√ßa depois do carnaval, chegou a hora de usar nosso app para come√ßar a controlar os gastos em 2015!",Timeline Photos,photo,https://www.facebook.com/nubankbrasil/photos/a.778850822153579.1073741831.674963205875675/857543224284338/?type=3,2015-02-23 10:00:01,101,29,2
674963205875675_858041610901166,"Estamos no Dinheirama.com, que publicou hoje uma entrevista bem legal com David Vel√©z, CEO e fundador do Nubank. Vale a pena ler!

http://dinheirama.com/blog/2015/02/19/dinheirama-entrevista-david-velez-ceo-fundador-nubank/","Dinheirama Entrevista: David Vel√©z, CEO e fundador do Nubank | Dinheirama",link,http://dinheirama.com/blog/2015/02/19/dinheirama-entrevista-david-velez-ceo-fundador-nubank/,2015-02-20 17:00:02,191,24,11
674963205875675_857582870947040,"Voc√™ sabia que o cr√©dito rotativo √© uma forma de financiar suas despesas? A partir do valor m√≠nimo da fatura, voc√™ pode pagar quanto quiser at√© o total dela. O valor restante √© financiado com os respectivos juros e impostos, e √© chamado de cr√©dito rotativo.",Timeline Photos,photo,https://www.facebook.com/nubankbrasil/photos/a.778850822153579.1073741831.674963205875675/857542454284415/?type=3,2015-02-19 15:00:01,88,17,2
674963205875675_856722261033101,Tire uma foto com o cart√£o neste Carnaval e manda pra gente (pode marcar a nossa fan page ;-)) as mais legais v√£o aparecer na galeria que estamos montando #sounu,Timeline Photos,photo,https://www.facebook.com/nubankbrasil/photos/a.778850822153579.1073741831.674963205875675/856071744431486/?type=3,2015-02-17 14:00:01,66,15,1
674963205875675_854760261229301,"Se voc√™ for pra folia, lembre-se de guardar direitinho a carteira e o cart√£o nubank. Mas caso voc√™ o perca, acesse o bloqueio imediatamente via app!",Timeline Photos,photo,https://www.facebook.com/nubankbrasil/photos/a.778850822153579.1073741831.674963205875675/854760064562654/?type=3,2015-02-13 09:26:05,90,20,3
674963205875675_853865841318743,"D√° pra pagar a fatura adiantado fazendo um ‚Äúpr√©-pago‚Äù. Se sobrar dinheiro, o saldo fica guardadinho para a pr√≥xima.",Timeline Photos,photo,https://www.facebook.com/nubankbrasil/photos/a.778850822153579.1073741831.674963205875675/853865727985421/?type=3,2015-02-11 11:13:40,124,39,8
674963205875675_852458651459462,"Vamos come√ßar a nossa galeria de fotos Nubank e voc√™ est√° convidado a participar dela. Prepare a c√¢mera, marque um amigo que tamb√©m tem o cart√£o e logo, logo te chamamos! ;-)",Timeline Photos,photo,https://www.facebook.com/nubankbrasil/photos/a.778850822153579.1073741831.674963205875675/852451141460213/?type=3,2015-02-09 09:40:01,156,79,5
674963205875675_851023978269596,A revista Info traz uma materia especial - e muito legal - sobre o Nubank! N√£o d√° pra deixar de ler: http://abr.ai/1FeSfJP,Cart√£o de cr√©dito ou app? Os dois,link,http://abr.ai/1FeSfJP,2015-02-06 12:48:07,105,22,9
674963205875675_850622438309750,Voc√™ sabia que o fechamento da fatura acontece cerca de 10 dias antes da data de vencimento? O que for comprado depois do fechamento s√≥ √© cobrado na fatura seguinte.,Timeline Photos,photo,https://www.facebook.com/nubankbrasil/photos/a.778850822153579.1073741831.674963205875675/850604941644833/?type=3,2015-02-05 14:30:00,104,12,3
674963205875675_849724945066166,"Pretende fazer uma compra parcelada? S√≥ n√£o se esque√ßa de que, mesmo pagando em parcelas, o valor total da compra √© descontado do limite dispon√≠vel!",Timeline Photos,photo,https://www.facebook.com/nubankbrasil/photos/a.778850822153579.1073741831.674963205875675/849569741748353/?type=3,2015-02-03 15:00:00,90,19,0
674963205875675_847758638596130,Clientes Nubank t√™m acesso ao MasterCard¬Æ Surpreenda. Cada compra gera pontos que v√£o sendo acumulados no cart√£o. Confira mais no link: http://bit.ly/1bYxoLf,Timeline Photos,photo,https://www.facebook.com/nubankbrasil/photos/a.778850822153579.1073741831.674963205875675/847758438596150/?type=3,2015-01-30 13:59:31,159,25,2
674963205875675_846472518724742,J√° pensou em acompanhar seus gastos por categoria? O nosso app te ajuda a come√ßar 2015 com o or√ßamento organizado!,Timeline Photos,photo,https://www.facebook.com/nubankbrasil/photos/a.778850822153579.1073741831.674963205875675/846468818725112/?type=3,2015-01-28 14:51:52,80,10,3
674963205875675_845277702177557,N√£o reconhece uma compra ou tem algo errado com o valor? √â s√≥ reportar o problema direto na tela do app e a gente checa!,Timeline Photos,photo,https://www.facebook.com/nubankbrasil/photos/a.778850822153579.1073741831.674963205875675/845274022177925/?type=3,2015-01-26 13:05:01,67,5,0
674963205875675_843545192350808,"A gente quer facilitar a sua organiza√ß√£o de gastos: tenha acesso imediato √†s faturas anteriores, m√™s a m√™s.",Timeline Photos,photo,https://www.facebook.com/nubankbrasil/photos/a.778850822153579.1073741831.674963205875675/843099989061995/?type=3,2015-01-22 14:00:02,92,24,2
674963205875675_842605412444786,N√£o tem certeza de quanto ainda tem de limite no cart√£o? √â s√≥ dar aquela olhada r√°pida no app!,Timeline Photos,photo,https://www.facebook.com/nubankbrasil/photos/a.778850822153579.1073741831.674963205875675/842597085778952/?type=3,2015-01-20 13:20:01,98,22,4
674963205875675_841049992600328,Vai aproveitar o ver√£o na praia? Lembre-se de levar seu cart√£o Nubank com voc√™!,Timeline Photos,photo,https://www.facebook.com/nubankbrasil/photos/a.778850822153579.1073741831.674963205875675/839794242725903/?type=3,2015-01-17 07:00:00,59,14,2
674963205875675_840297442675583,"O Nubank est√° entre as nove startups mais promissoras de 2015, segundo lista publicada pela CNN e replicada pela revista Veja. Para conferir √© s√≥ clicar no link: http://abr.ai/1KNB0Ds",Saiba quais s√£o as startups mais promissoras de 2015,link,http://abr.ai/1KNB0Ds,2015-01-15 11:31:01,117,17,3
674963205875675_839841276054533,O geektime.com cita o Nubank como uma das startups brasileiras que n√£o d√° pra deixar de observar com muita aten√ß√£o! http://bit.ly/14WeXJU,10 hot startups in Brazil | GeekTime,link,http://bit.ly/14WeXJU,2015-01-14 09:20:01,130,11,13
674963205875675_839516276087033,"Com nosso app voc√™ fica sabendo no momento em que quiser quanto j√° gastou no m√™s. Sem surpresas, com transpar√™ncia.",Timeline Photos,photo,https://www.facebook.com/nubankbrasil/photos/a.778850822153579.1073741831.674963205875675/839416689430325/?type=3,2015-01-13 13:30:01,112,27,2
674963205875675_838004202904907,"Se o seu cart√£o for roubado ou perdido, basta bloque√°-lo na hora usando o cadeado do aplicativo. √â mais seguran√ßa e praticidade pra voc√™.",Timeline Photos,photo,https://www.facebook.com/nubankbrasil/photos/a.778850822153579.1073741831.674963205875675/837383432966984/?type=3,2015-01-10 15:00:01,79,6,5
674963205875675_837080436330617,Quer lembrar onde realizou aquela compra ou comeu aquela sobremesa inesquec√≠vel? O nosso app mostra o endere√ßo do estabelecimento onde voc√™ usou o cart√£o!,Timeline Photos,photo,https://www.facebook.com/nubankbrasil/photos/a.778850822153579.1073741831.674963205875675/837000933005234/?type=3,2015-01-08 15:00:01,99,11,6
674963205875675_834755756563085,Simplicidade e efici√™ncia podem caminhar juntos. Entre na campanha #dispensaminhavia,Timeline Photos,photo,https://www.facebook.com/nubankbrasil/photos/a.778850822153579.1073741831.674963205875675/830321527006508/?type=3,2015-01-05 15:00:01,54,5,2
674963205875675_831130666925594,Contagem regressiva para 2015? Agora √© por os planos no papel e organizar o or√ßamento para realiz√°-los. A gente te ajuda!,Timeline Photos,photo,https://www.facebook.com/nubankbrasil/photos/a.778850822153579.1073741831.674963205875675/830320050339989/?type=3,2014-12-31 15:00:17,60,3,1
674963205875675_830474386991222,A Exame.com cita o Nubank entre as empresas brasileiras inovadoras que se destacaram em 2014!,As empresas inovadoras brasileiras que se destacaram em 2014 | EXAME.com,link,http://exame.abril.com.br/pme/noticias/as-empresas-inovadoras-brasileiras-que-se-destacaram-em-2014#10,2014-12-30 14:45:00,170,17,16
674963205875675_826103810761613,Neste natal desejamos que voc√™ descomplique e aproveite a simplicidade de estar ao lado de quem gosta.,Timeline Photos,photo,https://www.facebook.com/nubankbrasil/photos/a.778850822153579.1073741831.674963205875675/823139014391426/?type=3,2014-12-24 15:00:02,64,3,0
674963205875675_824956230876371,"Nossos canais de atendimento s√£o 100% digitais, o que ajuda a reduzir custos. n√≥s repassamos esta economia para os clientes, que n√£o pagam tarifas nem anuidade.",Timeline Photos,photo,https://www.facebook.com/nubankbrasil/photos/a.778850822153579.1073741831.674963205875675/823138387724822/?type=3,2014-12-22 15:00:02,73,12,5
674963205875675_822402524465075,"Com Nubank voc√™ confere de forma muito transparente tudo o que est√° pagando: IOF, taxa de c√¢mbio e parcelamentos.",Timeline Photos,photo,https://www.facebook.com/nubankbrasil/photos/a.778850822153579.1073741831.674963205875675/822276947810966/?type=3,2014-12-17 15:30:01,57,5,3
674963205875675_821458564559471,Design n√£o serve apenas para fins est√©ticos. √â uma ferramenta para repensar as coisas e reduzir a complexidade do universo financeiro.,Timeline Photos,photo,https://www.facebook.com/nubankbrasil/photos/a.778850822153579.1073741831.674963205875675/821322574573070/?type=3,2014-12-15 15:25:01,64,9,3
674963205875675_819181201453874,Nosso objetivo √© reinventar a experi√™ncia de uso no cart√£o de cr√©dito. Usamos a tecnologia para simplificar a vida.,Timeline Photos,photo,https://www.facebook.com/nubankbrasil/photos/a.778850822153579.1073741831.674963205875675/819106404794687/?type=3,2014-12-11 15:10:00,77,13,4
674963205875675_818173314887996,Fa√ßa parte da nova gera√ß√£o de servi√ßos financeiros no Brasil e tenha mais transpar√™ncia no controle de gastos.,Timeline Photos,photo,https://www.facebook.com/nubankbrasil/photos/a.778850822153579.1073741831.674963205875675/818061201565874/?type=3,2014-12-09 15:00:01,69,18,6
674963205875675_816228931749101,Por que temos lista de espera? Porque nesta fase s√≥ podemos liberar os convites aos poucos e conforme an√°lise. Esta √© a forma que temos de garantir a qualidade e a efici√™ncia do que oferecemos.,Timeline Photos,photo,https://www.facebook.com/nubankbrasil/photos/a.778850822153579.1073741831.674963205875675/816110825094245/?type=3,2014-12-05 15:00:02,83,11,3
674963205875675_815200601851934,Fa√ßa uma economia inteligente com a confirma√ß√£o da compra no celular. #dispensaminhavia,Timeline Photos,photo,https://www.facebook.com/nubankbrasil/photos/a.778850822153579.1073741831.674963205875675/815155695189758/?type=3,2014-12-03 14:00:01,58,7,3
674963205875675_814310781940916,N√£o desgruda do celular? Com nosso app voc√™ consegue aproveitar qualquer minutinho para acompanhar gastos e organizar o or√ßamento.,Timeline Photos,photo,https://www.facebook.com/nubankbrasil/photos/a.778850822153579.1073741831.674963205875675/814310335274294/?type=3,2014-12-01 16:50:48,52,14,2
674963205875675_812369902135004,"Fique tranquilo. com o cart√£o Nubank voc√™ tem acesso aos benef√≠cios Platinum da bandeira MasterCard¬Æ, como concierge e seguros em viagens.",Timeline Photos,photo,https://www.facebook.com/nubankbrasil/photos/a.778850822153579.1073741831.674963205875675/812369672135027/?type=3,2014-11-27 16:02:33,59,12,2
674963205875675_810478708990790,"Sem anuidade nem tarifas. Como ganhamos um percentual a cada compra feita e tamb√©m os juros quando voc√™ financia, o cart√£o Nubank tem qualidade de servi√ßo sem cobrar por isso.",Timeline Photos,photo,https://www.facebook.com/nubankbrasil/photos/a.778850822153579.1073741831.674963205875675/810330089005652/?type=3,2014-11-24 15:00:01,128,33,6
674963205875675_804706896234638,"Voc√™ gerencia seu cart√£o Nubank pelo seu celular. R√°pido, simples e eficiente como a vida deve ser. www.nubank.com.br",Timeline Photos,photo,https://www.facebook.com/nubankbrasil/photos/a.778850822153579.1073741831.674963205875675/803076903064304/?type=3,2014-11-14 17:30:01,83,17,3
674963205875675_804260052945989,O cart√£o Nubank √© Platinum da bandeira MasterCard¬Æ e √© aceito em mais de trinta milh√µes de estabelecimentos no mundo [e com os benef√≠cios que s√≥ clientes Platinum t√™m acesso].,Timeline Photos,photo,https://www.facebook.com/nubankbrasil/photos/a.778850822153579.1073741831.674963205875675/803075563064438/?type=3,2014-11-13 17:30:01,124,30,16
674963205875675_803286229710038,"Quando voc√™ compra com Nubank, o comprovante aparece direto no app. #dispensaminhavia",Timeline Photos,photo,https://www.facebook.com/nubankbrasil/photos/a.778850822153579.1073741831.674963205875675/803074926397835/?type=3,2014-11-11 17:30:00,81,11,3
674963205875675_800239126681415,O cart√£o Nubank oferece uma experi√™ncia mais simples e transparente. Voc√™ gerencia tudo atrav√©s do seu smartphone - para isso ele deve ter sistema Android (vers√£o 4 ou superior) ou iOS (iphone 4 ou superior).,Timeline Photos,photo,https://www.facebook.com/nubankbrasil/photos/a.778850822153579.1073741831.674963205875675/799319350106726/?type=3,2014-11-06 08:30:01,63,15,4
674963205875675_800008536704474,"Entre na campanha #dispensaminhavia. Voc√™ n√£o precisa da segunda via em papel ao comprar no cart√£o, com Nubank ela aparece na hora em seu app. Muito mais simples.",Timeline Photos,photo,https://www.facebook.com/nubankbrasil/photos/a.778850822153579.1073741831.674963205875675/799317663440228/?type=3,2014-11-05 18:00:01,80,12,10
674963205875675_799027763469218,Sem filas. Voc√™ √© atendido quando e como lhe conv√©m. www.nubank.com.br,Timeline Photos,photo,https://www.facebook.com/nubankbrasil/photos/a.778850822153579.1073741831.674963205875675/798931633478831/?type=3,2014-11-03 16:03:14,95,23,8
674963205875675_785362058169122,"Simples e transparente. Acesse seu saldo, limite e faturas em tempo real e filtre seus gastos com ajuda de categorias ou #tags. www.nubank.com.br",Timeline Photos,photo,https://www.facebook.com/nubankbrasil/photos/a.778850822153579.1073741831.674963205875675/782951898410138/?type=3,2014-10-07 18:00:01,48,21,2
674963205875675_784795751559086,Controle seus gastos de perto e fa√ßa seu planejamento com a facilidade da ponta dos dedos: www.nubank.com.br,Timeline Photos,photo,https://www.facebook.com/nubankbrasil/photos/a.778850822153579.1073741831.674963205875675/782394261799235/?type=3,2014-10-06 18:00:01,41,2,1
674963205875675_783062868399041,Sem filas por aqui. O atendimento no Nubank √© como e quando for conveniente para voc√™: www.nubank.com.br,Timeline Photos,photo,https://www.facebook.com/nubankbrasil/photos/a.778850822153579.1073741831.674963205875675/782394025132592/?type=3,2014-10-03 18:00:00,43,2,1
674963205875675_782520461786615,Est√° surgindo uma nova gera√ß√£o de servi√ßos financeiros que n√£o desperdi√ßa papel e nem seu tempo. www.nubank.com.br,Timeline Photos,photo,https://www.facebook.com/nubankbrasil/photos/a.778850822153579.1073741831.674963205875675/781654168539911/?type=3,2014-10-02 18:00:01,53,5,19
674963205875675_781864591852202,Descomplica. A vida fica mais simples e gerenciar os seus gastos tamb√©m: www.nubank.com.br,Timeline Photos,photo,https://www.facebook.com/nubankbrasil/photos/a.778850822153579.1073741831.674963205875675/781653628539965/?type=3,2014-10-01 18:00:00,36,0,4
674963205875675_780847145287280,A Revista EXAME desta semana d√° destaque ao Nubank:,exame.abril.com.br,link,http://exame.abril.com.br/pme/noticias/sequoia-capital-do-vale-do-silicio-estreia-no-brasil,2014-09-29 14:00:00,44,2,4
674963205875675_779888265383168,"Nubank no The New York Times:
",Sequoia Capital Returns to Investing in Brazil,link,http://mobile.nytimes.com/blogs/dealbook/2014/09/25/sequoia-capital-returns-to-investing-in-brazil/,2014-09-29 07:00:01,30,0,5
674963205875675_779641572074504,"O TechCrunch anuncia o in√≠cio das opera√ß√µes do Nubank, destacando que somos o primeiro investimento da Sequoia em uma start up brasileira:",techcrunch.com,link,http://techcrunch.com/2014/09/25/finance-startup-nubank-nabs-14-3m-in-sequoias-first-brazil-investment/,2014-09-26 18:00:01,27,4,3
674963205875675_779636345408360,O Nubank est√° no Estad√£o de hoje:,A hist√≥ria por tr√°s do primeiro investimento da Sequoia Capital no Brasil,link,http://blogs.estadao.com.br/start/a-historia-por-tras-do-primeiro-investimento-da-sequoia-no-brasil/,2014-09-26 16:23:38,35,1,4
674963205875675_778850825486912,A tecnologia facilita sua vida. Assuma o controle total dos seus gastos no seu celular com o cart√£o Nubank: www.nubank.com.br,Timeline Photos,photo,https://www.facebook.com/nubankbrasil/photos/a.778850822153579.1073741831.674963205875675/778840525487942/?type=3,2014-09-24 17:00:01,48,1,22
674963205875675_777870115584983,,Nubank Brasil's cover photo,photo,https://www.facebook.com/nubankbrasil/photos/a.776016582437003.1073741830.674963205875675/777870092251652/?type=3,2014-09-22 13:34:39,33,3,3
674963205875675_776061129099215,,Nubank Brasil,photo,https://www.facebook.com/nubankbrasil/photos/a.674963969208932.1073741825.674963205875675/776061129099215/?type=3,2014-09-18 11:59:06,52,7,1
674963205875675_777859865586008,,"Founded on May 6, 2013",link,https://www.facebook.com/674963205875675/posts/777859865586008/,2013-05-06 02:00:00,38,2,0
